M1_c,M1_f,M2_c,M2_f,j,xi1_down,xi1_up,xi2_down,xi2_up
0,0,-1.5413868144230155e-05,1.3567764057533031e-05,2.0,0.57693109815394,0.5769311125077059,4.861139177537209e-07,4.3096302724405683e-07
0,0,-3.318395046202921e-05,3.01762736552024e-05,2.2,0.6659732208547855,0.6659732436576994,5.631110953017381e-07,8.116762080135452e-07
0,0,-3.5282019340475624e-05,3.2527156827914284e-05,2.4,0.7515811151800658,0.7515811384400539,4.292585606545068e-07,1.2039826317285572e-06
0,0,-3.694611157828023e-05,3.4452156641176106e-05,2.6,0.8366689228001976,0.836668940836553,8.365940244886973e-08,1.2605327505457906e-06
0,0,-3.836583240490471e-05,3.6099847852730875e-05,2.8,0.9205484188735596,0.9205484326871513,-2.0470221837831273e-07,1.3305926320611968e-06
0,0,-3.958737971351779e-05,3.752228335434698e-05,3.0,1.0034093904328212,1.0034094019300681,-4.326327695499885e-07,1.39090674900004e-06
0,0,-4.065275210492259e-05,3.876460884215445e-05,3.2,1.0854085409291805,1.0854085505880144,-6.194728591574424e-07,1.4458102341089285e-06
0,0,-3.317027937048341e-05,3.174779567281513e-05,3.4000000000000004,1.1666736805109745,1.1666736864978462,-6.087493673180529e-07,1.1868933982234467e-06
