M1_c,M1_f,M2_c,M2_f,j,xi1_down,xi1_up,xi2_down,xi2_up
0,0,0.00041481560519767503,-0.0006083982193598255,2.0,0.42455650510513476,0.4245565051053831,2.706427704569873e-15,3.014477769177581e-15
0,0,-0.00030293645367023415,0.0007384475538239522,2.2,0.5026695247175142,0.502669524727284,3.741188515532191e-14,4.172443074455934e-14
0,0,-0.0004058780629550799,0.0003619564087046112,2.4,0.582580591754306,0.5825805918518713,2.1031458946688645e-13,2.347650613758099e-13
0,0,0.000459226174700983,-0.000561830660134259,2.6,0.6636817875788896,0.66368178792288,7.491444021162361e-13,8.366548780231588e-13
0,0,0.00019040171639345642,-0.0005768539167785063,2.8,0.7454450142487059,0.7454450145113347,2.169235727070581e-13,2.4234591618131166e-13
0,0,-0.0004212713488863531,0.0005348198655927925,3.0,0.8278734224753956,0.8278734234017538,1.0983770073594904e-12,1.2273205074707196e-12
0,0,-0.00024299101732443515,0.0004957457753284195,3.2,0.9104487121532137,0.9104487128636028,3.9558080127120204e-13,4.4208626032177006e-13
0,0,-9.608413461383475e-05,0.0004494628935289039,3.4000000000000004,0.993186121739493,0.9931861224286487,2.0104116960483574e-13,2.2473011555596483e-13
