M1_c,M1_f,M2_c,M2_f,j,xi1_down,xi1_up,xi2_down,xi2_up
-7.579218762451823e-07,7.57921876165862e-07,-9.251949407613862e-07,7.579218761654804e-07,2.0,0.47274603270495263,0.47274598402153567,0.4727460327049527,0.47274598402153556
3.714808538854975e-07,-3.714808536905948e-07,-9.532719254745934e-07,-3.7148085369360993e-07,2.2,0.5496766867689924,0.5496768683591996,0.5496766867689924,0.5496768683591997
-1.7594718157532013e-07,1.7594718156474516e-07,-1.7024890964117148e-06,1.7594718156645217e-07,2.4,0.6316289020582287,0.6316290646943475,0.6316289020582287,0.6316290646943475
-1.170206706727768e-07,1.1702067072730588e-07,-2.469307159309323e-06,1.1702067072901976e-07,2.6,0.7095900311797931,0.70959029503811,0.7095900311797931,0.70959029503811
2.8646351738856317e-07,-2.8646351724148654e-07,2.103176917477036e-06,-2.8646351723978633e-07,2.8,0.7930526299634799,0.7930524354208873,0.7930526299634797,0.7930524354208874
7.52173552051802e-07,-7.521735518029906e-07,2.792571913860717e-06,-7.521735518066335e-07,3.0,0.8745450032672878,0.8745448086175217,0.8745450032672878,0.8745448086175215
1.6608349448226108e-06,-1.6608349448871105e-06,3.59351652108214e-06,-1.6608349448894426e-06,3.2,0.957459406201283,0.9574592700007669,0.9574594062012828,0.957459270000767
-1.4708036754629276e-09,1.866578895122486e-09,6.933288046619064e-07,-3.80335651451752e-07,3.4000000000000004,1.695585997966621e-05,1.6911864358260776e-05,1.968123014726174,1.9681230139737458
