M1_c,M1_f,M2_c,M2_f,j,xi1_down,xi1_up,xi2_down,xi2_up
0,0,1.4649780742731255e-05,0.0002128380939369849,2.0,0.424913867037256,0.4249138676055041,1.4032325762336936e-13,1.5274793985421785e-13
0,0,7.840343491316848e-05,-0.00018381523296472364,2.2,0.5029419657198791,0.5029419669188383,3.593630574439177e-13,3.9190852680006184e-13
0,0,-4.753624371330387e-06,-0.00026926175366958656,2.4,0.582697353491814,0.5826973554139888,5.364315113286173e-13,5.860329210281859e-13
0,0,-0.00014974536697640346,2.403819324114586e-05,2.6,0.6637171755122738,0.6637171794277055,1.1650214554833282e-12,1.2747755928237349e-12
0,0,-0.0002055611994664879,0.0005609598897454165,2.8,0.7455460591655326,0.7455460669833979,1.0676640872445832e-11,1.1699963744796943e-11
0,0,-0.00012695111050937784,0.0005367622210136935,3.0,0.8277999002243375,0.8277999074250657,7.146880759320787e-12,7.842902802998571e-12
0,0,-7.192265825276262e-05,0.000380146419875566,3.2,0.9103691724437604,0.9103691789850763,2.4755889658795657e-12,2.709028497078777e-12
0,0,-3.7287765161039486e-05,0.00026556650587517493,3.4000000000000004,0.9930989681486837,0.9930989728233878,8.522835651538535e-13,9.33858780172621e-13
